<?xml version="1.0" encoding="UTF-8" ?>
<!DOCTYPE node PUBLIC
  "-//freedesktop//DTD D-Bus Object Introspection 1.0//EN"
  "http://standards.freedesktop.org/dbus/1.0/introspect.dtd">
<node name="/org/genivi/audiomanager/commandinterface" alias="am_commandinterface">
     <interface name="org.genivi.audiomanager.commandinterface">
        <method name="Connect">
            <arg type="q" name="sourceID" direction="in"/>
            <arg type="q" name="sinkID" direction="in"/>
            <arg type="n" name="result" direction="out"/> <!-- method return code (am_Error_e) -->
            <arg type="q" name="mainConnectionID" direction="out"/>
        </method>

        <method name="Disconnect">
            <arg type="q" name="mainConnectionID" direction="in"/>
            <arg type="n" name="result" direction="out"/> <!-- method return code (am_Error_e) -->
        </method>

        <method name="SetVolume">
            <arg type="q" name="sinkID" direction="in"/>
            <arg type="n" name="volume" direction="in"/>
            <arg type="n" name="result" direction="out"/> <!-- method return code (am_Error_e) -->
        </method>

        <method name="SetVolumeSource">
            <arg type="q" name="sourceID" direction="in"/>
            <arg type="n" name="volume" direction="in"/>
            <arg type="n" name="result" direction="out"/> <!-- method return code (am_Error_e) -->
        </method>

        <method name="VolumeStep">
            <arg type="q" name="sinkID" direction="in"/>
            <arg type="n" name="volumeStep" direction="in"/>
            <arg type="n" name="result" direction="out"/> <!-- method return code (am_Error_e) -->
        </method>

        <method name="SetSinkMuteState">
            <arg type="q" name="sinkID" direction="in"/>
            <arg type="n" name="muteState" direction="in"/>
            <arg type="n" name="result" direction="out"/> <!-- method return code (am_Error_e) -->
        </method>

        <method name="SetSourceMuteState">
            <arg type="q" name="sourceID" direction="in"/>
            <arg type="n" name="muteState" direction="in"/>
            <arg type="n" name="result" direction="out"/> <!-- method return code (am_Error_e) -->
        </method>

        <method name="SetMainSinkSoundProperty">
            <arg type="q" name="sinkID" direction="in"/>
            <arg type="(nn)" name="soundProperty" direction="in"/>
            <arg type="n" name="result" direction="out"/> <!-- method return code (am_Error_e) -->
        </method>

        <method name="SetMainSourceSoundProperty">
            <arg type="q" name="sourceID" direction="in"/>
            <arg type="(nn)" name="soundProperty" direction="in"/>
            <arg type="n" name="result" direction="out"/> <!-- method return code (am_Error_e) -->
        </method>

        <method name="SetMainSinkBeepSoundProperty">
            <arg type="q" name="sinkID" direction="in"/>
            <arg type="(nn)" name="beepSoundProperty" direction="in"/>
            <arg type="n" name="result" direction="out"/> <!-- method return code (am_Error_e) -->
        </method>

        <method name="SetSystemProperty">
            <arg type="(nn)" name="property" direction="in"/>
            <arg type="n" name="result" direction="out"/> <!-- method return code (am_Error_e) -->
        </method>

        <method name="GetListMainConnections">
            <arg type="n" name="result" direction="out"/> <!-- method return code (am_Error_e) -->
            <arg type="a(qqqnn)" name="listConnections" direction="out"/> <!-- am_mainConnectionID_t mainConnectionID; am_sourceID_t sourceID; am_sinkID_t sinkID; am_timeSync_t delay; am_ConnectionState_e connectionState; -->
        </method>

        <method name="GetListMainSinks">
            <arg type="n" name="result" direction="out"/> <!-- method return code (am_Error_e) -->
            <arg type="a(qs(nn)nnq)" name="listMainSinks" direction="out"/> <!-- am_sinkID_t sinkID; std::string name; am_Availability_s availability; am_mainVolume_t volume; am_MuteState_e muteState; am_sinkClass_t sinkClassID; -->
        </method>

        <method name="GetListMainSources">
            <arg type="n" name="result" direction="out"/> <!-- method return code (am_Error_e) -->
            <arg type="a(qs(nn)q)" name="listMainSources" direction="out"/> <!-- am_sourceID_t sourceID; std::string name; am_Availability_s availability; am_sourceClass_t sourceClassID; -->
        </method>

        <method name="GetListMainSinkSoundProperties">
            <arg type="q" name="sinkID" direction="in"/> 
            <arg type="n" name="result" direction="out"/> <!-- method return code (am_Error_e) -->
            <arg type="a(qn)" name="listSoundProperties" direction="out"/> <!-- am_CustomMainSoundPropertyType_t type; int16_t value; -->
        </method>

        <method name="GetMainSinkSoundPropertyValue">
            <arg type="q" name="sinkID" direction="in"/> 
            <arg type="q" name="type" direction="in"/> 
            <arg type="n" name="result" direction="out"/> <!-- method return code (am_Error_e) -->
            <arg type="(qn)" name="soundProperty" direction="out"/> <!-- am_CustomMainSoundPropertyType_t type; int16_t value; -->
        </method>

        <method name="GetListMainSourceSoundProperties">
            <arg type="q" name="sourceID" direction="in"/>
            <arg type="n" name="result" direction="out"/> <!-- method return code (am_Error_e) -->
            <arg type="a(qn)" name="listSourceProperties" direction="out"/> <!-- am_CustomMainSoundPropertyType_t type; int16_t value; -->
        </method>

        <method name="GetListSourceClasses">
            <arg type="n" name="result" direction="out"/> <!-- method return code (am_Error_e) -->
            <arg type="a(qsa(nn))" name="listSourceClasses" direction="out"/> <!-- am_sourceClass_t SourceClassID; std::string name; std::vector<am_ClassProperty_s> listClassProperties; -->
        </method>

        <method name="GetListSinkClasses">
            <arg type="n" name="result" direction="out"/> <!-- method return code (am_Error_e) -->
            <arg type="a(qsa(nn))" name="listSinkClasses" direction="out"/> <!-- am_sourceClass_t SinkClassID; std::string name; std::vector<am_ClassProperty_s> listClassProperties; -->
        </method>

        <method name="GetListSystemProperties">
            <arg type="n" name="result" direction="out"/> <!-- method return code (am_Error_e) -->
            <arg type="a(nn)" name="listSystemProperties" direction="out"/> <!-- am_SystemProperty_e type; int16_t value; -->
        </method>

        <method name="GetTimingInformation">
            <arg type="q" name="mainConnectionID" direction="in"/>
            <arg type="n" name="result" direction="out"/> <!-- method return code (am_Error_e) -->
            <arg type="n" name="delay" direction="out"/>
        </method>

        <method name="GetListSinkMainNotificationConfigurations">
            <arg type="q" name="sinkID" direction="in"/>
            <arg type="n" name="result" direction="out"/> <!-- method return code (am_Error_e) -->
            <arg type="a(nnn)" name="listMainNotificationConfigurations" direction="out"/> <!-- am_am_notification_e type; am_status_e status; int16t parameter; -->
        </method>

        <method name="GetListSourceMainNotificationConfigurations">
            <arg type="q" name="sourceID" direction="in"/>
            <arg type="n" name="result" direction="out"/> <!-- method return code (am_Error_e) -->
            <arg type="a(nnn)" name="listMainNotificationConfigurations" direction="out"/> <!-- am_am_notification_e type; am_status_e status; int16t parameter; -->
        </method>

        <method name="SetSinkMainNotificationConfiguration">
            <arg type="q" name="sinkID" direction="in"/>
            <arg type="(nnn)" name="mainNotificationConfiguration" direction="in"/> <!-- am_am_notification_e type; am_status_e status; int16t parameter; -->
            <arg type="n" name="error" direction="out"/>
        </method>

        <method name="SetSourceMainNotificationConfiguration">
            <arg type="q" name="sourceID" direction="in"/>
            <arg type="(nnn)" name="mainNotificationConfiguration" direction="in"/> <!-- am_am_notification_e type; am_status_e status; int16t parameter; -->
            <arg type="n" name="error" direction="out"/>
        </method>

        <method name="GetSinkVolume">
            <arg type="q" name="sinkID" direction="in"/>
            <arg type="n" name="result" direction="out"/> <!-- method return code (am_Error_e) -->
            <arg type="n" name="volume" direction="out"/>
        </method>

        <method name="GetSourceVolume">
            <arg type="q" name="sourceID" direction="in"/>
            <arg type="n" name="result" direction="out"/> <!-- method return code (am_Error_e) -->
            <arg type="n" name="volume" direction="out"/>
        </method>

        <method name="GetSinkMuteState">
            <arg type="q" name="sinkID" direction="in"/>
            <arg type="n" name="result" direction="out"/> <!-- method return code (am_Error_e) -->
            <arg type="n" name="muteState" direction="out"/>
        </method>

        <method name="GetSourceMuteState">
            <arg type="q" name="sourceID" direction="in"/>
            <arg type="n" name="result" direction="out"/> <!-- method return code (am_Error_e) -->
            <arg type="n" name="muteState" direction="out"/>
        </method>

        <method name="SetFuncEnable">
            <arg type="q" name="modeID" direction="in"/>
            <arg type="n" name="mode" direction="in"/>
            <arg type="n" name="result" direction="out"/>
        </method>

        <signal name="NewMainConnection">
            <arg type="q" name="mainConnectionID" direction="out"/>
            <arg type="q" name="sourceID" direction="out"/> <!-- am_sourceID_t sourceID am_sinkID_t sinkID; -->
            <arg type="q" name="sinkID" direction="out"/>
        </signal>

        <signal name="SinkAdded">
            <arg type="(qs(nn)nnq)" name="newSink" direction="out"/> <!-- am_sinkID_t sinkID; std::string name; am_Availability_s availability; am_mainVolume_t volume; am_MuteState_e muteState; am_sinkClass_t sinkClassID; -->
        </signal>

        <signal name="SinkRemoved">
            <arg type="q" name="removedSinkID" direction="out"/>
        </signal>

        <signal name="SourceAdded">
            <arg type="(qs(nn)q)" name="newSource" direction="out"/> <!-- am_sourceID_t sourceID; std::string name; 	am_Availability_s availability; am_sourceClass_t sourceClassID; -->
        </signal>

        <signal name="SourceRemoved">
            <arg type="q" name="removedSourceID" direction="out"/>
        </signal>

        <signal name="NumberOfSinkClassesChanged">
        </signal>

        <signal name="NumberOfSourceClassesChanged">
        </signal>

        <signal name="MainConnectionStateChanged">
            <arg type="q" name="connectionID" direction="out"/>
            <arg type="n" name="connectionState" direction="out"/>
        </signal>

        <signal name="MainSinkSoundPropertyChanged">
            <arg type="q" name="sinkID" direction="out"/>
            <arg type="(nn)" name="SoundProperty" direction="out"/>
        </signal>

        <signal name="MainSourceSoundPropertyChanged">
            <arg type="q" name="sourceID" direction="out"/>
            <arg type="(nn)" name="SoundProperty" direction="out"/>
        </signal>

        <signal name="SinkAvailabilityChanged">
            <arg type="q" name="sinkID" direction="out"/>
            <arg type="(nn)" name="availability" direction="out"/>
        </signal>

        <signal name="SourceAvailabilityChanged">
            <arg type="q" name="sourceID" direction="out"/>
            <arg type="(nn)" name="availability" direction="out"/>
        </signal>

        <signal name="VolumeChanged">
            <arg type="q" name="sinkID" direction="out"/>
            <arg type="n" name="volume" direction="out"/>
        </signal>

        <signal name="SourceVolumeChanged">
            <arg type="q" name="sourceID" direction="out"/>
            <arg type="n" name="volume" direction="out"/>
        </signal>

        <signal name="SinkMuteStateChanged">
            <arg type="q" name="sinkID" direction="out"/>
            <arg type="n" name="muteState" direction="out"/>
        </signal>

        <signal name="SourceMuteStateChanged">
            <arg type="q" name="sourceID" direction="out"/>
            <arg type="n" name="muteState" direction="out"/>
        </signal>

        <signal name="SystemPropertyChanged">
            <arg type="(nn)" name="SystemProperty" direction="out"/>
        </signal>

        <signal name="TimingInformationChanged">
            <arg type="q" name="mainConnection" direction="out"/>
            <arg type="n" name="time" direction="out"/>
        </signal>

        <signal name="SinkUpdated">
            <arg type="q" name="sinkID" direction="out"/>
            <arg type="q" name="sinkClassID" direction="out"/>
			<arg type="a(nn)" name="listMainSinkProperties" direction="out"/> <!-- am_CustomMainSoundPropertyType_t type; int16_t value; -->
        </signal>

        <signal name="SourceUpdated">
            <arg type="q" name="sourceID" direction="out"/>
            <arg type="q" name="sourceClassID" direction="out"/>
            <arg type="a(nn)" name="listMainSinkProperties" direction="out"/> <!-- am_CustomMainSoundPropertyType_t type; int16_t value; -->
        </signal>

        <signal name="SourceNotification">
            <arg type="q" name="sourceID" direction="out"/>
            <arg type="n" name="type" direction="out"/> <!-- am_notification_e type; int16_t value; -->
            <arg type="n" name="value" direction="out"/> <!-- am_notification_e type; int16_t value; -->
        </signal>

        <signal name="SinkNotification">
            <arg type="q" name="sinkID" direction="out"/>
            <arg type="(nn)" name="notificationPayload" direction="out"/> <!-- am_notification_e type; int16_t value; -->
        </signal>

        <signal name="SinkMainNotificationConfigurationChanged">
            <arg type="q" name="sinkID" direction="out"/>
            <arg type="(nnn)" name="mainNotificationConfiguration" direction="out"/> <!-- am_am_notification_e type; am_status_e status; int16t parameter; -->
        </signal>

        <signal name="SourceMainNotificationConfigurationChanged">
            <arg type="q" name="sourceID" direction="out"/>
            <arg type="(nnn)" name="mainNotificationConfiguration" direction="out"/> <!-- am_am_notification_e type; am_status_e status; int16t parameter; -->
        </signal>

        <signal name="removedMainConnection">
            <arg type="q" name="connectionID" direction="out"/> <!-- am_mainConnectionID_t -->
        </signal>
    </interface>
</node>
