<?xml version="1.0" encoding="UTF-8" ?>
<node name="/com/lge/car/automount" alias="automount">
<interface name="com.lge.car.automount">
    <signal name="UsbDetect">
        <arg name="event" type="s" />
    </signal>
    <signal name="UsbMount">
        <arg name="mount_path" type="s" />
        <arg name="param1" type="i" />
        <arg name="label" type="s" />
        <arg name="device_type" type="s" />
        <arg name="fs_type" type="s" />
        <arg name="param2" type="i" />
    </signal>
    <signal name="UsbUnMount">
        <arg name="mount_path" type="s" />
        <arg name="param1" type="i" />
        <arg name="label" type="s" />
        <arg name="device_type" type="s" />
        <arg name="fs_type" type="s" />
        <arg name="param2" type="i" />
    </signal>
</interface>
</node>
