<?xml version="1.0" encoding="UTF-8" ?>
<!DOCTYPE node PUBLIC
"-//freedesktop//DTD D-BUS Object Introspection 1.0//EN"
"http://www.freedesktop.org/standards/dbus/1.0/introspect.dtd">
<node name="/com/lge/bavn/bluetoothhmi" alias="bluetoothhmi">
  <interface name="com.lge.bavn.bluetoothhmi">
    <signal name="sigDbusPairCompare">
      <arg name="address" type="s" direction="out"/>
      <arg name="passkey" type="u" direction="out"/>
    </signal>
    <signal name="sigDbusPairingReponnse">
      <arg name="address" type="s" direction="out"/>
      <arg name="status" type="u" direction="out"/>
      <arg name="isPaired" type="b" direction="out"/>
    </signal>
    <signal name="sigDbusHFPConnectedChanged">
      <arg name="address" type="s" direction="out"/>
      <arg name="status" type="u" direction="out"/>
    </signal>
    <signal name="sigDbusDeviceConnected">
      <arg name="address" type="s" direction="out"/>
    </signal>
    <signal name="sigDbusDeviceConnectedName">
      <arg name="address" type="s" direction="out"/>
      <arg name="deviceName" type="s" direction="out"/>
    </signal>
    <signal name="sigDbusDeviceDisconnected">
      <arg name="address" type="s" direction="out"/>
    </signal>
    <signal name="sigDbusBatteryLevelChanged">
      <arg name="battery" type="y" direction="out"/>
    </signal>
    <signal name="sigDbusSignalStrengthChanged">
      <arg type="y" direction="out"/>
    </signal>
    <signal name="sigDbusPopupDisplayChanged">
      <arg name="id" type="u" direction="out"/>
      <arg name="isShow" type="b" direction="out"/>
    </signal>
    <signal name="sigDbusCallStateChanged">
      <arg name="callPath" type="s" direction="out"/>
      <arg name="state" type="i" direction="out"/>
    </signal>
    <signal name="sigDbusCallAdded">
      <arg name="callPath" type="s" direction="out"/>
    </signal>
    <signal name="sigDbusCallRemove">
      <arg name="callPath" type="s" direction="out"/>
    </signal>
    <signal name="sigDbusSPVRChanged">
      <arg name="isEnable" type="b" direction="out"/>
    </signal>
    <signal name="sigBTPopupBeShowing">
      <arg name="popupId" type="i" direction="out"/>
    </signal>
    <method name="hasConnectedDevice">
      <arg type="b" direction="out"/>
    </method>
    <method name="requestHidePopup">
    </method>
    <method name="getBTMusicStatusForMedia">
      <arg type="b" direction="out"/>
    </method>
    <method name="setBTMusicExecuteFactoryCmd">
      <arg name = "type" type="i" direction="in"/>
    </method>
    <method name="requestAutoPair">
      <arg name="address" type="s" direction="in"/>
      <arg name="method" type="u" direction="in"/>
    </method>
    <method name="requestLockBluetooth">
      <arg name="isBlock" type="b" direction="in"/>
    </method>
    <method name="getConnectedDeviceName">
      <arg type="s" direction="out"/>
    </method>
    <method name="getConnectedDeviceAddress">
      <arg type="s" direction="out"/>
    </method>
    <method name="projectionDevActiveChanged">
      <arg name="type" type="i" direction="in"/>
      <arg name="isActive" type="b" direction="in"/>
      <arg name="deviceSerial" type="s" direction="in"/>
    </method>
    <method name="projectionDevActiveChanged">
      <arg name="type" type="i" direction="in"/>
      <arg name="isActive" type="b" direction="in"/>
    </method>
    <method name="getBatteryChargeLevel">
      <arg type="y" direction="out"/>
    </method>
    <method name="getSignalStrength">
      <arg type="y" direction="out"/>
    </method>
    <method name="getListCallState">
        <arg type="as" direction="out"/>
    </method>
    <method name="getGlobalCallState">
      <arg type="i" direction="out"/>
    </method>
    <method name="executeFactoryCmd">
      <arg type="ay" direction="out"/>
      <arg name="cmd" type="i" direction="in"/>
      <arg name="address" type="s" direction="in"/>
    </method>
    <method name="addDeviceWithLinkKey">
      <arg name="address" type="s" direction="in"/>
      <arg name="devicename" type="s" direction="in"/>
      <arg name="linkkey" type="s" direction="in"/>
      <arg type="b" direction="out"/>
    </method>
    <signal name="sigBTRequestSDCM">
      <arg name="type" type="i" direction="out"/>
    </signal>
    <signal name="sigDbusRoamingStatusChanged">
      <arg name="roaming" type="b" direction="out"/>
    </signal>
    <method name="getRoamingStatus">
      <arg type="b" direction="out"/>
    </method>
    <signal name="sigDbusPowerStatusChanged">
      <arg name="power" type="b" direction="out"/>
    </signal>
    <method name="getBluetoothPowerState">
      <arg type="b" direction="out"/>
    </method>
    <method name="requestBluetoothPower">
      <arg name="power" type="b" direction="in"/>
    </method>
    <method name="requestConnectedPopup">
      <arg name="address" type="s" direction="in"/>
    </method>
  </interface>
</node>
