<!DOCTYPE node PUBLIC "-//freedesktop//DTD D-BUS Object Introspection 1.0//EN"
                      "http://www.freedesktop.org/standards/dbus/1.0/introspect.dtd">
<!-- GDBus 2.46.2 -->
<node name="/com/lge/MediaInfoProvider" alias="media_info_provider">
  <interface name="com.lge.MediaInfoProvider">
    <method name="RequestAppInfoChange">
      <arg type="u" name="connection_id" direction="in"/>
      <arg type="s" name="info" direction="in"/>
    </method>
    <method name="GetLatestMediaInfo">
      <arg type="s" name="info" direction="out"/>
    </method>
    <signal name="MediaInfoChanged">
      <arg type="s" name="info"/>
    </signal>
  </interface>
</node>
