<!DOCTYPE node PUBLIC "-//freedesktop//DTD D-BUS Object Introspection 1.0//EN"
"http://www.freedesktop.org/standards/dbus/1.0/introspect.dtd">
<node name="/com/lge/car/micom/navi" alias="micom_navi">
  <interface name="com.lge.car.micom.navi">
    <method name="RequestTMCOn"/>
    <method name="RequestTMCOff"/>
    <method name="RequestTMCSetFreq">
      <arg direction="in" type="q"/>
    </method>
    <method name="RequestTMCScanningFreq">
      <arg direction="in" type="q"/>
      <arg direction="in" type="y"/>
    </method>
    <method name="RequestSpeedPulseOn"/>
    <method name="RequestSpeedPulseOff"/>
    <signal name="NotifyTMCOn">
      <arg direction="out" type="y"/>
    </signal>
    <signal name="NotifyTMCOff">
      <arg direction="out" type="y"/>
    </signal>
    <signal name="NotifyTMCFreqChanged">
      <arg direction="out" type="q"/>
      <arg direction="out" type="y"/>
    </signal>
    <signal name="NotifyTMCPiChanged">
      <arg direction="out" type="q"/>
      <arg direction="out" type="q"/>
    </signal>
    <signal name="NotifyTMCReceived">
      <arg direction="out" type="ay"/>
    </signal>
    <signal name="NotifySpeedPulse">
      <arg direction="out" type="q"/>
      <arg direction="out" type="q"/>
    </signal>
  </interface>
</node>
