<!DOCTYPE node PUBLIC "-//freedesktop//DTD D-BUS Object Introspection 1.0//EN" "http://www.freedesktop.org/standards/dbus/1.0/introspect.dtd">
<node name="/mpu" alias="mpu">
	<interface name="com.lge.car.vehicle.mpu">
		<method name="set">
			<arg name="id" type="n" direction="in"/>
			<arg name="value" type="i" direction="in"/>
		</method>
		<method name="setValues">
			<arg name="id" type="n" direction="in"/>
			<arg name="values" type="ay" direction="in"/>
		</method>
		<method name="get">
			<arg name="id" type="n" direction="in"/>
			<arg name="value" type="i" direction="out"/>
		</method>
		<method name="getValues">
			<arg name="id" type="n" direction="in"/>
			<arg name="values" type="ay" direction="out"/>
		</method>
		
		<!-- Signals -->		
		<signal name = "NotifyMPUPropertyChanged">
			<arg name="id" type="n" direction="out"/>
			<arg name="value" type="i" direction="out"/>
		</signal>
		<signal name = "NotifyLanguagePopup">
			<arg name="value" type="i" direction="out"/>
		</signal>
		<signal name = "NotifySystemLanguage">
			<arg name="value" type="i" direction="out"/>
		</signal>
		<signal name = "NotifySystemSkin">
			<arg name="value" type="i" direction="out"/>
		</signal>
		<signal name = "NotifyLanguageStatus">
			<arg name="value" type="i" direction="out"/>
		</signal>		
	</interface>
</node>
