<!--
*
* ULC 4.0 NNG API
* Copyright (C) 2017 NNG Kft.
*
*
-->
<node name="/com/nng/Navi">
	<!--
	com.nng.Navi:
	@short_description: "Navi" interface
	This interface contains methods and signals which constitute the communication between Navi and the OS.
	-->
	<interface name="com.nng.Navi">
		<!--
		SetKeyboard:
		@keyboard_type: the ID of the keyboard. The possible values of KeyboardType are: QWERTY (0x00), ABC (0x01), AZERTY (0x02), QWERTZ (0x03), ARABIC (0x04), CYRILLIC (0x05), GREEK (0x06), HEBREW (0x07), HINDI (0x08), PERSIAN (0xA), KAZAKH (0xB), DEFAULT (0x09)
		Sets the keyboard to be used for textual input.
		Corresponds to NAVI_CMD_CHANGE_KEYBOARD on WinCE.
		-->
		<method name="SetKeyboard">
			<arg name="keyboard_type" direction="in" type="u"/>
		</method>
		<!--
		RequestCompassData:
		@is_compass_needed: true if navi should start sending compass data, false if it should stop doing so
		Switches the sending of the compass values. Corresponds to
		SM_CMD_REQUEST_COMPASS_DATA on WinCE.
		-->
		<method name="RequestCompassData">
			<arg name="is_compass_needed" direction="in" type="b"/>
		</method>
		<!--
		GetVersionNumber:
		@version_number: navigation version number as a string of numbers divided by dots. Corresponds to
		SM_CMD_REQUEST_VERSION on WinCE.
		-->
		<method name="GetVersionNumber">
			<arg name="version_number" direction="out" type="s"/>
		</method>

		<!--
		CompassDataUpdate:
		@compass_data: -1: not receiving GPS signal, 0-359: compass value
		The Navi sends the current compass information using this signal. It corresponds
		to NAVI_CMD_RESPONSE_COMPASS_DATA on WinCE.
		-->
		<signal name="CompassDataUpdate">
			<arg name="compass_data" direction="out" type="n"/>
		</signal>

		<!--
		GuidanceChanged:
		@is_guidance_active: true if guidance has just been started (a route has been set up), false is guidance has been stopped (a route has been deleted)
		The Navi sends the current compass information using this signal. It corresponds
		to NAVI_CMD_RESPONSE_COMPASS_DATA on WinCE.
		-->
		<signal name="GuidanceChanged">
			<arg name="is_guidance_active" direction="out" type="b"/>
		</signal>
		
		<!--
		CrashNotification
		This signal is sent to the OS when Navi crashes. It corresponds to NAVI_NOTIFICATION_CRASH on WinCE.
		-->
		<signal name="CrashNotification">
		</signal>

		<!--
		StateNotification:
		@state: the ID of the new state. The possible values are: MSG_NAVI_UI_READY (0x00), MSG_NAVI_EXIT (0x01), MSG_NAVI_PROGRESS_1 (0x02), MSG_NAVI_PROGRESS_2 (0x03).
		Sent to Synctool when the operating state of the Navi changes. On WinCE each state had its own windows message (MSG_NAVI_UI_READY, MSG_NAVI_EXIT, MSG_NAVI_PROGRESS_1, MSG_NAVI_PROGRESS_2).
		-->
		<signal name="StateNotification">
			<arg name="state" type="y"/>
		</signal>

		<!--
		StartSynctoolNotification:
		Sent to the OS when the update button has been pressed and Synctool is starting. It corresponds to NAVI_CMD_START_SYNCTOOL on WinCE.
		-->
		<signal name="StartSynctoolNotification">
		</signal>

		<!--
		ExitRequest:
		Called by Synctool when Navi needs to exit due to an ongoing update. It corresponds to SM_CMD_NAVI_ACC_OFF on WinCE.
		-->
		<signal name="ExitRequest">
		</signal>

		<!--
		RequestProjectionApp:
		Called by Navi to launch carplay/androidauto/myspin
		-->
		<signal name="RequestProjectionApp">
		</signal>
	</interface>

	<!--
	org.genivi.NodeStateManager.LifeCycleConsumer:
	@short_description: "LifeCycleConsumer" interface
	This interface contains the LifecycleRequest method which constitute the communication between Navi and Node State Manager.
	-->
	<interface name="org.genivi.NodeStateManager.LifeCycleConsumer">
		<!--
		LifecycleRequest:
		@request: Shutdown mode. Navi should handle NSM_SHUTDOWNTYPE_NORMAL value.
		@request_id: Identifier of the request. Navi should use this id when calling LifecycleRequestComplete.
		@error_code: Value that reports the success of the operation of type NsmErrorStatus_e
		Corresponds to SM_CMD_SAVE_ACC_OFF on WinCE.
		-->
		<method name="LifecycleRequest">
			<arg name="request" direction="in" type="u"/>
			<arg name="request_id" direction="in" type="u"/>
			<arg name="error_code" direction="out" type="i"/>
		</method>
	</interface>
</node>

