<!DOCTYPE node PUBLIC "-//freedesktop//DTD D-BUS Object Introspection 1.0//EN"
"http://www.freedesktop.org/standards/dbus/1.0/introspect.dtd">
<node name="/org/genivi/NodeStateManager/Consumer" alias="NSM_Consumer">
  <interface name="org.genivi.NodeStateManager.Consumer">
    <method name="GetNodeState">
      <arg type="i" name="NodeStateId" direction="out"/>
      <arg type="i" name="ErrorCode" direction="out"/>
    </method>
    <method name="SetSessionState">
      <arg type="s" name="SessionName" direction="in"/>
      <arg type="s" name="SessionOwner" direction="in"/>
      <arg type="i" name="SeatID" direction="in"/>
      <arg type="i" name="SessionState" direction="in"/>
      <arg type="i" name="ErrorCode" direction="out"/>
    </method>
    <method name="GetSessionState">
      <arg type="s" name="SessionName" direction="in"/>
      <arg type="i" name="SeatID" direction="in"/>
      <arg type="i" name="SessionState" direction="out"/>
      <arg type="i" name="ErrorCode" direction="out"/>
    </method>
    <method name="GetApplicationMode">
      <arg type="i" name="ApplicationModeId" direction="out"/>
      <arg type="i" name="ErrorCode" direction="out"/>
    </method>
    <method name="RegisterShutdownClient">
      <arg type="s" name="BusName" direction="in"/>
      <arg type="s" name="ObjName" direction="in"/>
      <arg type="u" name="ShutdownMode" direction="in"/>
      <arg type="u" name="TimeoutMs" direction="in"/>
      <arg type="i" name="ErrorCode" direction="out"/>
    </method>
    <method name="UnRegisterShutdownClient">
      <arg type="s" name="BusName" direction="in"/>
      <arg type="s" name="ObjName" direction="in"/>
      <arg type="u" name="ShutdownMode" direction="in"/>
      <arg type="i" name="ErrorCode" direction="out"/>
    </method>
    <method name="RegisterSession">
      <arg type="s" name="SessionName" direction="in"/>
      <arg type="s" name="SessionOwner" direction="in"/>
      <arg type="i" name="SeatID" direction="in"/>
      <arg type="i" name="SessionState" direction="in"/>
      <arg type="i" name="ErrorCode" direction="out"/>
    </method>
    <method name="UnRegisterSession">
      <arg type="s" name="SessionName" direction="in"/>
      <arg type="s" name="SessionOwner" direction="in"/>
      <arg type="i" name="SeatID" direction="in"/>
      <arg type="i" name="ErrorCode" direction="out"/>
    </method>
    <method name="GetAppHealthCount">
      <arg type="u" name="Count" direction="out"/>
    </method>
    <method name="GetInterfaceVersion">
      <arg type="u" name="Version" direction="out"/>
    </method>
    <method name="LifecycleRequestComplete">
      <arg type="u" name="RequestId" direction="in"/>
      <arg type="i" name="Status" direction="in"/>
      <arg type="i" name="ErrorCode" direction="out"/>
    </method>
    <signal name="NodeState">
      <arg type="i" name="NodeState"/>
    </signal>
    <signal name="NodeApplicationMode">
      <arg type="i" name="ApplicationModeId"/>
    </signal>
    <signal name="SessionStateChanged">
      <arg type="s" name="SessionStateName"/>
      <arg type="i" name="SeatID"/>
      <arg type="i" name="SessionState"/>
    </signal>
    <property type="i" name="RestartReason" access="read"/>
    <property type="i" name="ShutdownReason" access="read"/>
    <property type="i" name="WakeUpReason" access="read"/>
    <property type="i" name="BootMode" access="read"/>
  </interface>
</node>
