<!DOCTYPE node PUBLIC "-//freedesktop//DTD D-BUS Object Introspection 1.0//EN"
"http://www.freedesktop.org/standards/dbus/1.0/introspect.dtd">
<node name="/com/lge/PopupManager" alias="popup_manager">
  <interface name="com.lge.PopupManager.Service">
    <method name="CreatePopup">
      <arg type="s" name="jsonData" direction="in"/>
      <arg type="i" name="popupId" direction="out"/>
    </method>
    <method name="DestroyPopup">
      <arg type="i" name="popupId" direction="in"/>
      <arg type="i" name="errorInfo" direction="out"/>
    </method>
    <method name="HideAllPopups">
      <arg type="i" name="errorInfo" direction="out"/>
    </method>
    <method name="ShowPopup">
      <arg type="i" name="popupId" direction="in"/>
      <arg type="i" name="errorInfo" direction="out"/>
    </method>
    <method name="HidePopup">
      <arg type="i" name="popupId" direction="in"/>
      <arg type="i" name="errorInfo" direction="out"/>
    </method>
    <method name="DestroyAllPopups">
      <arg type="i" name="errorInfo" direction="out"/>
    </method>
    <method name="UpdatePopup">
      <arg type="i" name="popupId" direction="in"/>
      <arg type="s" name="jsonData" direction="in"/>
      <arg type="i" name="errorInfo" direction="out"/>
    </method>
    <signal name="SelectedButton">
      <arg type="i" name="popupId"/>
      <arg type="s" name="result"/>
    </signal>
    <signal name="PopupDestroyed">
      <arg type="i" name="popupId"/>
    </signal>
    <property type="s" name="Version" access="read"/>
  </interface>
</node>
