<!DOCTYPE node PUBLIC
  "-//freedesktop//DTD D-Bus Object Introspection 1.0//EN"
  "http://standards.freedesktop.org/dbus/1.0/introspect.dtd">
<node name="/com/lge/bavn/projection/CommIF" alias="projection">
	<interface name="com.lge.bavn.projection">
		<signal name="sendProjectionEnable">
			<arg name="typeProjection" type="i" direction="out"/>
			<arg name="isEnable" type="b" direction="out"/>
		</signal>
		<signal name="sigDbusBatteryLevelChanged">
			<arg direction="out" type="i" name="m_batteryLevel"/>
		</signal>
		<signal name="sigDbusSignalStrengthChanged">
			<arg direction="out" type="i" name="m_strengthLevel"/>
		</signal>
		<method name="getBatteryChargeLevel">
			<arg direction="out" type="i" name="m_batteryLevel"/>
		</method>
		<method name="getSignalStrength">
			<arg direction="out" type="i" name="m_strengthLevel"/>
		</method>
		<method name="GetProjectionStatus">
			<arg name="type" type="i" direction="out"/>
			<arg name="isActive" type="b" direction="out"/>
			<arg name="deviceSerial" type="s" direction="out"/>
		</method>
		<method name="SPCXRequestRun">
			<arg name="BTAddress" type="s" direction="in"/>
			<arg name="type" type="i" direction="in"/>
			<arg name="isConnect" type="b" direction="in"/>
			<arg name="isUsbConnect" type="b" direction="in"/>
			<arg name="replaceAddress" type="s" direction="in"/>
		</method>
	</interface>
</node>
