<!--
*
* ULC 4.0 NNG API
* Copyright (C) 2017 NNG Kft.
*
*
-->
<node name="/com/nng/Synctool">
	<!--
	com.nng.Synctool:
	@short_description: "Synctool" interface
	This interface contains methods and signals which constitute the communication between Synctool and the OS.
	-->
	<interface name="com.nng.Synctool">
		<!--
		CrashNotification:
		This signal is sent to the OS when Synctool crashes. It corresponds to ST_NOTIFICATION_CRASH on WinCE.
		-->
		<signal name="CrashNotification">
		</signal>

		<!--
		StateNotification:
		@state: the ID of the new state. The possible values are: ST_INIT_DONE (0x00), ST_PROGRESS (0x01), ST_STORE_STATUS_DONE (0x02), ST_UPDATE_DONE (0x03), ST_CLOSE (0x04).
		Sent to the OS when the operating state of Synctool changes. On WinCE each state had its own windows message (ST_INIT_DONE, ST_PROGRESS, ST_STORE_STATUS_DONE, ST_UPDATE_DONE, ST_CLOSE).
		-->
		<signal name="StateNotification">
			<arg name="state" type="y"/>
		</signal>

		<!--
		ExitNotification:
		Sent to the OS (and Navi) when Synctool exits. It corresponds to SM_CMD_NAVI_SYNCTOOL_EXIT (Synctool to Navi) and NAVI_CMD_CLOSE_SYNCTOOL (Navi to OS) on WinCE.
		-->
		<signal name="ExitNotification">
		</signal>
		
		<!--
		ShowScreenNotification:
		Synctool sends this signal to Navi to ask it to show/hide the wait screen. It corresponds to SM_CMD_NAVI_SHOW_SCREEN on WinCE.
		-->
		<signal name="ShowScreenNotification">
			<arg name="show_wait" type="b"/>
		</signal>

	</interface>
</node>

