<?xml version="1.0" encoding="UTF-8" ?>
<!DOCTYPE node PUBLIC
  "-//freedesktop//DTD D-Bus Object Introspection 1.0//EN"
  "http://standards.freedesktop.org/dbus/1.0/introspect.dtd">
<node name="/com/lge/car/timemanager/clockinterface" alias="tm_clockinterface">
     <interface name="com.lge.car.timemanager.clockinterface">
        <method name="clockSetTimeZoneViaNAVI">
            <arg type="i" name="timeZoneOffset" direction="in"/>
            <arg type="i" name="dstOffset" direction="in"/>
            <arg type="u" name="result" direction="out"/>
        </method>
        <method name="clockGetDisplayTime">
            <arg type="u" name="year" direction="out"/>
            <arg type="u" name="month" direction="out"/>
            <arg type="u" name="day" direction="out"/>
            <arg type="u" name="hour" direction="out"/>
            <arg type="u" name="min" direction="out"/>
            <arg type="u" name="sec" direction="out"/>
            <arg type="u" name="valid" direction="out"/>
        </method>

        <signal name="clockRequestTimeZoneViaNAVI">
        </signal>
    </interface>
</node>
