<!DOCTYPE node PUBLIC "-//freedesktop//DTD D-BUS Object Introspection 1.0//EN" "http://www.freedesktop.org/standards/dbus/1.0/introspect.dtd">
<node name="/info" alias="vm_info">
	<interface name="com.lge.car.vehicle.info">
		<method name="get">
			<arg name="id" type="n" direction="in"/>
			<arg name="value" type="i" direction="out"/>
		</method>
		
		<!-- Signals -->
		<signal name = "NotifyVehicleInfoChanged">
			<arg name="id" type="n" direction="out"/>
			<arg name="value" type="i" direction="out"/>
		</signal>
		<signal name = "NotifyWCBS_HMI">
			<arg name="value" type="i" direction="out"/>
		</signal>
	</interface>
</node>
