<!DOCTYPE node PUBLIC "-//freedesktop//DTD D-BUS Object Introspection 1.0//EN"
"http://www.freedesktop.org/standards/dbus/1.0/introspect.dtd">
<node name="/res" alias="vm_res">
  <interface name="com.lge.car.vehicle.res">
    <method name="set">
      <arg direction="in" type="n" name="id"/>
      <arg direction="in" type="i" name="value"/>
    </method>
    <method name="setValues">
      <arg direction="in" type="n" name="id"/>
      <arg direction="in" type="ay" name="values"/>
    </method>
    <method name="get">
      <arg direction="in" type="n" name="id"/>
      <arg direction="out" type="i" name="value"/>
    </method>
    <method name="getValues">
      <arg direction="in" type="n" name="id"/>
      <arg direction="out" type="ay" name="values"/>
    </method>
    <signal name="NotifyRESPropertyChanged">
      <arg direction="out" type="n" name="id"/>
      <arg direction="out" type="i" name="value"/>
    </signal>
    <signal name="NotifyRESStateChanged">
      <arg direction="out" type="i" name="value"/>
    </signal>
  </interface>
</node>
