<!DOCTYPE node PUBLIC "-//freedesktop//DTD D-BUS Object Introspection 1.0//EN"
"http://www.freedesktop.org/standards/dbus/1.0/introspect.dtd">
<node name="/system" alias="vm_system">
  <interface name="com.lge.car.vehicle.system">
    <method name="set">
      <arg direction="in" type="n" name="id"/>
      <arg direction="in" type="i" name="value"/>
    </method>
    <method name="setValues">
      <arg direction="in" type="n" name="id"/>
      <arg direction="in" type="ay" name="values"/>
    </method>
    <method name="get">
      <arg direction="in" type="n" name="id"/>
      <arg direction="out" type="i" name="value"/>
    </method>
    <method name="getValues">
      <arg direction="in" type="n" name="id"/>
      <arg direction="out" type="ay" name="values"/>
    </method>
    <signal name="NotifyPowerStateChanged">
      <arg direction="out" type="i" name="state"/>
    </signal>
    <signal name="NotifyHmiStateChanged">
      <arg direction="out" type="i" name="state"/>
    </signal>
    <signal name="NotifyVirginStateChanged">
      <arg direction="out" type="i" name="state"/>
    </signal>
    <signal name="NotifyAntiTheftStateChanged">
      <arg direction="out" type="i" name="state"/>
    </signal>
    <signal name="NotifyFocdeInputRetryTimeout">
      <arg direction="out" type="i" name="timeout"/>
    </signal>
    <signal name="NotifyFactoryStateChanged">
      <arg direction="out" type="i" name="state"/>
    </signal>
    <signal name="NotifyIlluminationChanged">
      <arg direction="out" type="i" name="state"/>
    </signal>
    <signal name="NotifyIgnitionChanged">
      <arg direction="out" type="i" name="state"/>
    </signal>
    <signal name="NotifyReargearChanged">
      <arg direction="out" type="i" name="state"/>
    </signal>
    <signal name="NotifyAuxConnectionChanged">
      <arg direction="out" type="i" name="state"/>
    </signal>
    <signal name="NotifyTemperatureWarningChanged">
      <arg direction="out" type="i" name="state"/>
    </signal>
    <signal name="NotifyVoltageWarningChanged">
      <arg direction="out" type="i" name="state"/>
    </signal>
    <signal name="NotifyToolConnectionChanged">
      <arg direction="out" type="i" name="state"/>
    </signal>
    <signal name="NotifyButtonEvent">
      <arg direction="out" type="i" name="state"/>
    </signal>
    <signal name="NotifyVSpeedChanged">
      <arg direction="out" type="i" name="state"/>
    </signal>
    <signal name="NotifyMapDisplayChanged">
      <arg direction="out" type="i" name="state"/>
    </signal>
    <signal name="NotifyVehicleSettingChanged">
      <arg direction="out" type="i" name="id"/>
      <arg direction="out" type="i" name="value"/>
    </signal>
    <signal name="NotifySystemReady"/>
    <signal name="NotifyMicomReady"/>
    <signal name="NotifySystemShutdown"/>
  </interface>
</node>
